Territorialidades,% de matrículas da rede pública no ensino fundamental 2017,% de matrículas da rede pública no ensino médio 2017,% de matrículas da rede privada no ensino fundamental 2017,% de matrículas da rede privada no ensino médio 2017,IDEB anos iniciais do ensino fundamental 2017,IDEB anos finais do ensino fundamental 2017,Média de anos de estudo 2012,Média de anos de estudo 2017,Taxa de analfabetismo - 15 anos ou mais de idade 2012,Taxa de analfabetismo - 15 anos ou mais de idade 2017,Taxa de analfabetismo - 18 anos ou mais de idade 2012,Taxa de analfabetismo - 18 anos ou mais de idade 2017,Taxa de analfabetismo - 25 anos ou mais de idade 2012,Taxa de analfabetismo - 25 anos ou mais de idade 2017,% de 5 a 6 anos de idade na escola 2012,% de 5 a 6 anos de idade na escola 2017,% de 6 a 14 anos de idade na escola 2012,% de 6 a 14 anos de idade na escola 2017,% de 15 a 17 anos de idade na escola 2012,% de 15 a 17 anos de idade na escola 2017,% de 18 a 24 anos de idade na escola 2012,% de 18 a 24 anos de idade na escola 2017,% de 11 a 13 anos de idade nos anos finais do ensino fundamental ou com ensino fundamental completo 2012,% de 11 a 13 anos de idade nos anos finais do ensino fundamental ou com ensino fundamental completo 2017,% de 15 a 17 anos de idade com ensino fundamental completo 2012,% de 15 a 17 anos de idade com ensino fundamental completo 2017,% de 18 anos ou mais de idade com ensino fundamental completo 2012,% de 18 anos ou mais de idade com ensino fundamental completo 2017,% de 18 a 24 anos de idade com ensino fundamental completo 2012,% de 18 a 24 anos de idade com ensino fundamental completo 2017,% de 25 anos ou mais de idade com ensino fundamental completo 2012,% de 25 anos ou mais de idade com ensino fundamental completo 2017,% de 18 a 20 anos de idade com ensino médio completo 2012,% de 18 a 20 anos de idade com ensino médio completo 2017,% de 25 anos ou mais de idade com ensino médio completo 2012,% de 25 anos ou mais de idade com ensino médio completo 2017,% de 25 anos ou mais de idade com ensino superior completo 2012,% de 25 anos ou mais de idade com ensino superior completo 2017,Desagregação BRANCO % de 6 a 14 anos no ensino fundamental com 2 anos ou mais de atraso idade-série PNAD...40,Desagregação BRANCO % de 6 a 14 anos no ensino fundamental com 2 anos ou mais de atraso idade-série PNAD...41,Desagregação BRANCO % de 15 a 17 anos de idade com ensino fundamental completo PNAD...42,Desagregação BRANCO % de 15 a 17 anos de idade com ensino fundamental completo PNAD...43,Desagregação HOMEM % de matrículas da rede pública no ensino fundamental Censo Escolar,Desagregação HOMEM % de matrículas da rede pública no ensino médio Censo Escolar,Desagregação HOMEM % de matrículas da rede privada no ensino fundamental Censo Escolar,Desagregação HOMEM % de matrículas da rede privada no ensino médio Censo Escolar,Desagregação HOMEM % de alunos do ensino fundamental em escolas com laboratório de informática Censo Escolar,Desagregação HOMEM % de alunos do ensino médio em escolas com laboratório de informática Censo Escolar,Desagregação HOMEM % de alunos do ensino fundamental em escolas com internet Censo Escolar,Desagregação HOMEM % de alunos do ensino médio em escolas com internet Censo Escolar,Desagregação HOMEM Média de anos de estudo PNAD...66,Desagregação HOMEM Média de anos de estudo PNAD...67,Desagregação HOMEM Taxa de analfabetismo - 15 anos ou mais de idade PNAD...68,Desagregação HOMEM Taxa de analfabetismo - 15 anos ou mais de idade PNAD...69,Desagregação HOMEM Taxa de analfabetismo - 18 anos ou mais de idade PNAD...70,Desagregação HOMEM Taxa de analfabetismo - 18 anos ou mais de idade PNAD...71,Desagregação HOMEM Taxa de analfabetismo - 25 anos ou mais de idade PNAD...72,Desagregação HOMEM Taxa de analfabetismo - 25 anos ou mais de idade PNAD...73,Desagregação HOMEM % de 6 a 17 anos no ensino básico com 2 anos ou mais de atraso idade-série PNAD...74,Desagregação HOMEM % de 6 a 17 anos no ensino básico com 2 anos ou mais de atraso idade-série PNAD...75,Desagregação HOMEM % de 6 a 14 anos no ensino fundamental com 2 anos ou mais de atraso idade-série PNAD...76,Desagregação HOMEM % de 6 a 14 anos no ensino fundamental com 2 anos ou mais de atraso idade-série PNAD...77,Desagregação HOMEM Taxa de frequência líquida ao ensino básico PNAD...78,Desagregação HOMEM Taxa de frequência líquida ao ensino básico PNAD...79,Desagregação HOMEM Taxa de frequência líquida ao ensino fundamental PNAD...80,Desagregação HOMEM Taxa de frequência líquida ao ensino fundamental PNAD...81,Desagregação HOMEM Taxa de frequência líquida ao ensino médio PNAD...82,Desagregação HOMEM Taxa de frequência líquida ao ensino médio PNAD...83,Desagregação HOMEM Taxa de frequência líquida ao ensino superior PNAD...84,Desagregação HOMEM Taxa de frequência líquida ao ensino superior PNAD...85,Desagregação HOMEM % de 5 a 6 anos de idade na escola PNAD...86,Desagregação HOMEM % de 5 a 6 anos de idade na escola PNAD...87,Desagregação HOMEM % de 6 a 14 anos de idade na escola PNAD...88,Desagregação HOMEM % de 6 a 14 anos de idade na escola PNAD...89,Desagregação HOMEM % de 15 a 17 anos de idade na escola PNAD...90,Desagregação HOMEM % de 15 a 17 anos de idade na escola PNAD...91,Desagregação HOMEM % de 18 a 24 anos de idade na escola PNAD...92,Desagregação HOMEM % de 18 a 24 anos de idade na escola PNAD...93,Desagregação HOMEM % de 11 a 13 anos de idade nos anos finais do ensino fundamental ou com ensino fundamental completo PNAD...94,Desagregação HOMEM % de 11 a 13 anos de idade nos anos finais do ensino fundamental ou com ensino fundamental completo PNAD...95,Desagregação HOMEM % de 15 a 17 anos de idade com ensino fundamental completo PNAD...96,Desagregação HOMEM % de 15 a 17 anos de idade com ensino fundamental completo PNAD...97,Desagregação HOMEM % de 18 anos ou mais de idade com ensino fundamental completo PNAD...98,Desagregação HOMEM % de 18 anos ou mais de idade com ensino fundamental completo PNAD...99,Desagregação HOMEM % de 18 a 24 anos de idade com ensino fundamental completo PNAD...100,Desagregação HOMEM % de 18 a 24 anos de idade com ensino fundamental completo PNAD...101,Desagregação HOMEM % de 25 anos ou mais de idade com ensino fundamental completo PNAD...102,Desagregação HOMEM % de 25 anos ou mais de idade com ensino fundamental completo PNAD...103,Desagregação HOMEM % de 18 a 20 anos de idade com ensino médio completo PNAD...104,Desagregação HOMEM % de 18 a 20 anos de idade com ensino médio completo PNAD...105,Desagregação HOMEM % de 25 anos ou mais de idade com ensino médio completo PNAD...106,Desagregação HOMEM % de 25 anos ou mais de idade com ensino médio completo PNAD...107,Desagregação HOMEM % de 25 anos ou mais de idade com ensino superior completo PNAD...108,Desagregação HOMEM % de 25 anos ou mais de idade com ensino superior completo PNAD...109,Desagregação MULHER % de matrículas da rede pública no ensino fundamental Censo Escolar,Desagregação MULHER % de matrículas da rede pública no ensino médio Censo Escolar,Desagregação MULHER % de matrículas da rede privada no ensino fundamental Censo Escolar,Desagregação MULHER % de matrículas da rede privada no ensino médio Censo Escolar,Desagregação MULHER % de alunos do ensino fundamental em escolas com laboratório de informática Censo Escolar,Desagregação MULHER % de alunos do ensino médio em escolas com laboratório de informática Censo Escolar,Desagregação MULHER % de alunos do ensino fundamental em escolas com internet Censo Escolar,Desagregação MULHER % de alunos do ensino médio em escolas com internet Censo Escolar,Desagregação MULHER Média de anos de estudo PNAD...132,Desagregação MULHER Média de anos de estudo PNAD...133,Desagregação MULHER Taxa de analfabetismo - 15 anos ou mais de idade PNAD...134,Desagregação MULHER Taxa de analfabetismo - 15 anos ou mais de idade PNAD...135,Desagregação MULHER Taxa de analfabetismo - 18 anos ou mais de idade PNAD...136,Desagregação MULHER Taxa de analfabetismo - 18 anos ou mais de idade PNAD...137,Desagregação MULHER Taxa de analfabetismo - 25 anos ou mais de idade PNAD...138,Desagregação MULHER Taxa de analfabetismo - 25 anos ou mais de idade PNAD...139,Desagregação MULHER % de 6 a 17 anos no ensino básico com 2 anos ou mais de atraso idade-série PNAD...140,Desagregação MULHER % de 6 a 17 anos no ensino básico com 2 anos ou mais de atraso idade-série PNAD...141,Desagregação MULHER % de 6 a 14 anos no ensino fundamental com 2 anos ou mais de atraso idade-série PNAD...142,Desagregação MULHER % de 6 a 14 anos no ensino fundamental com 2 anos ou mais de atraso idade-série PNAD...143,Desagregação MULHER Taxa de frequência líquida ao ensino básico PNAD...144,Desagregação MULHER Taxa de frequência líquida ao ensino básico PNAD...145,Desagregação MULHER Taxa de frequência líquida ao ensino fundamental PNAD...146,Desagregação MULHER Taxa de frequência líquida ao ensino fundamental PNAD...147,Desagregação MULHER Taxa de frequência líquida ao ensino médio PNAD...148,Desagregação MULHER Taxa de frequência líquida ao ensino médio PNAD...149,Desagregação MULHER Taxa de frequência líquida ao ensino superior PNAD...150,Desagregação MULHER Taxa de frequência líquida ao ensino superior PNAD...151,Desagregação MULHER % de 5 a 6 anos de idade na escola PNAD...152,Desagregação MULHER % de 5 a 6 anos de idade na escola PNAD...153,Desagregação MULHER % de 6 a 14 anos de idade na escola PNAD...154,Desagregação MULHER % de 6 a 14 anos de idade na escola PNAD...155,Desagregação MULHER % de 15 a 17 anos de idade na escola PNAD...156,Desagregação MULHER % de 15 a 17 anos de idade na escola PNAD...157,Desagregação MULHER % de 18 a 24 anos de idade na escola PNAD...158,Desagregação MULHER % de 18 a 24 anos de idade na escola PNAD...159,Desagregação MULHER % de 11 a 13 anos de idade nos anos finais do ensino fundamental ou com ensino fundamental completo PNAD...160,Desagregação MULHER % de 11 a 13 anos de idade nos anos finais do ensino fundamental ou com ensino fundamental completo PNAD...161,Desagregação MULHER % de 15 a 17 anos de idade com ensino fundamental completo PNAD...162,Desagregação MULHER % de 15 a 17 anos de idade com ensino fundamental completo PNAD...163,Desagregação MULHER % de 18 anos ou mais de idade com ensino fundamental completo PNAD...164,Desagregação MULHER % de 18 anos ou mais de idade com ensino fundamental completo PNAD...165,Desagregação MULHER % de 18 a 24 anos de idade com ensino fundamental completo PNAD...166,Desagregação MULHER % de 18 a 24 anos de idade com ensino fundamental completo PNAD...167,Desagregação MULHER % de 25 anos ou mais de idade com ensino fundamental completo PNAD...168,Desagregação MULHER % de 25 anos ou mais de idade com ensino fundamental completo PNAD...169,Desagregação MULHER % de 18 a 20 anos de idade com ensino médio completo PNAD...170,Desagregação MULHER % de 18 a 20 anos de idade com ensino médio completo PNAD...171,Desagregação MULHER % de 25 anos ou mais de idade com ensino médio completo PNAD...172,Desagregação MULHER % de 25 anos ou mais de idade com ensino médio completo PNAD...173,Desagregação MULHER % de 25 anos ou mais de idade com ensino superior completo PNAD...174,Desagregação MULHER % de 25 anos ou mais de idade com ensino superior completo PNAD...175,Desagregação NEGRO % de 6 a 14 anos no ensino fundamental com 2 anos ou mais de atraso idade-série PNAD...176,Desagregação NEGRO % de 6 a 14 anos no ensino fundamental com 2 anos ou mais de atraso idade-série PNAD...177,Desagregação NEGRO % de 15 a 17 anos de idade com ensino fundamental completo PNAD...178,Desagregação NEGRO % de 15 a 17 anos de idade com ensino fundamental completo PNAD...179,regiões
Brasil,83.16,87.76,16.84,12.24,5.5,4.4,7.54,8.22,8.68,7.1,9.26,7.52,10.7,8.68,92.61,96.66,98.14,99.07,84.37,87.19,30.39,32.11,86.8,93.19,64.26,69.58,59.48,64.31,81.87,86.37,55.23,60.42,50.85,59.29,41.19,47.35,12.06,14.49,10.61,5.94,74.7,76.2,43.17,42.21,8.55,5.88,69.34,86.76,86.14,93.74,7.39,8.01,8.83,7.34,9.43,7.79,10.9,9.02,22.39,15.43,17.88,11.27,91.52,94.43,93.69,97.18,48.77,56.47,13.43,17.17,92.15,96.53,97.98,99.09,84.29,87.45,28.51,30.51,83.97,91.86,58.12,64.45,58.46,62.9,78.46,83.71,54.4,58.93,44.4,53.47,39.5,45.02,10.62,12.78,39.98,45.56,8.3,6.36,69.88,86.75,86.66,94.17,7.68,8.4,8.54,6.89,9.1,7.29,10.53,8.39,15.62,9.93,12.74,7.17,92.04,94.36,93.51,96.73,58.17,64.02,19.05,23.23,93.12,96.81,98.3,99.05,84.46,86.93,32.29,33.76,89.7,94.56,70.49,74.81,60.4,65.58,85.35,89.1,55.98,61.74,57.53,65.37,42.68,49.39,13.33,16,18.68,11.45,56.73,65.35,BR
Acre,95.65,95.88,4.35,4.12,5.7,4.6,6.79,7.09,14.14,12.6,15.49,13.81,18.96,16.77,82.51,87.46,97.2,96.38,83.21,81.84,29.78,34.36,78.43,86.32,60.91,66.09,58.19,58.55,77.62,82.08,53.1,52.42,54.56,54,38.72,41.32,10.6,11.35,13.49,10.98,70.87,73.94,49.83,47.76,2.16,1.94,55.39,66.53,72.4,84.46,6.4,6.6,15.37,13.1,16.75,14.46,20.64,17.84,25.24,17.6,22.68,14.93,85.31,89.63,88.56,94.68,42.98,51.02,11.23,16.97,83.14,90.06,96.84,96.01,82.48,83.31,29.08,33.83,76.05,85.14,55.9,63.36,55.21,55.28,74.76,80.4,49.86,48.21,47.77,51.4,34.68,36.23,9.07,8.38,45.82,48.11,2.19,2.19,57.3,68.06,74.23,87.22,7.15,7.55,13.02,12.13,14.33,13.19,17.43,15.79,16.17,11.4,13.96,9.35,85.98,89.76,87.77,94.68,50.99,55.83,16.27,19.59,81.87,84.46,97.56,96.77,83.84,80.2,30.48,34.92,80.71,87.52,65.26,69.14,60.95,61.66,80.46,83.89,56.05,56.31,61.53,56.96,42.41,46.01,11.99,14.08,19.62,12.39,58.42,64.57,N
Alagoas,83.04,85.48,16.96,14.52,4.9,3.9,5.89,6.38,19.79,18.19,21.43,19.47,25.06,22.65,93.41,95.57,97.47,98.49,81.93,82.88,31.9,29.82,85.84,88.39,47.33,57.7,47.81,50.41,65.83,73.6,43.89,45.89,32.9,43.95,28.76,33.35,7.03,8.99,15.87,10.68,53.37,66.35,43.41,38.85,8.6,6.91,54.1,79.35,79.79,94.49,5.6,5.99,20.77,19.86,22.51,21.29,26.2,24.86,29.12,23.48,20.74,18.26,92.6,93.69,94.39,96.83,33.7,45.65,7.91,12.88,94.11,95.73,97.42,98.37,83.52,84.72,28.97,29.62,80.98,84.07,39.12,51.33,45.67,47.4,60.9,69.2,42.18,42.85,28.2,35.78,26.67,30.11,5.82,7.51,39.63,46.63,8.36,7.61,54.72,79.81,80.63,94.79,6.14,6.71,18.92,16.73,20.49,17.9,24.08,20.8,19.6,15.71,14.57,10.52,90.91,92.43,94.2,96.68,45.89,51.52,13.79,14.62,92.67,95.4,97.53,98.61,80.44,81.1,34.7,30.01,90.37,93.32,55.05,63.87,49.68,52.99,70.54,77.82,45.36,48.44,37.69,51.24,30.57,36.08,8.07,10.23,18.19,15.72,45.59,55.83,NE
Amapá,90.87,92.23,9.13,7.77,4.4,3.5,8.12,8.7,6.09,5.63,6.74,6.09,8.34,7.78,79.17,81.35,96.54,98.32,86.96,89.27,34.6,38.92,77.54,85.94,60.89,65.28,66.48,69.81,83.54,84.95,61.46,65.43,46.56,53.74,48.97,51.91,11.91,14.62,22.42,9.61,58.04,58.09,46.98,43.97,4.69,3.79,68.33,87,73.02,89.94,7.74,8.18,6.38,6.09,7.11,6.7,9.03,8.74,35.3,23.24,32.35,18.68,91.12,94.92,93.27,96.87,45.67,57.84,11.99,19.36,75.18,71.39,96.42,98.62,84.26,92.79,29.87,36.47,71.14,84.64,55.75,63.98,63.37,66.3,78.74,82.72,58.47,61.31,38.97,53.83,44.18,46.97,8.95,10.76,43.9,48.26,4.43,3.99,69.5,87.74,74.02,90.11,8.47,9.18,5.81,5.18,6.39,5.51,7.71,6.88,22.19,17.33,19.84,13.51,93.4,92.52,92.88,96.57,60.05,54.75,17.83,23.72,84.93,92.01,96.69,97.98,90.19,85.31,39.65,41.45,85.44,87.4,67.04,66.75,69.43,73.15,88.66,87.26,64.2,69.27,54.36,53.61,53.34,56.53,14.62,18.23,27.55,17.95,61.03,67.28,N
Amazonas,92.86,96.15,7.14,3.85,5.3,4.4,7.69,8.5,7.48,6.66,8.19,7.19,9.75,8.57,87.52,94.33,96.8,99.07,82.44,88.11,36.94,35.18,81.01,90.9,51.78,67.52,60.87,67.83,74.8,81.91,57.29,64.44,38.84,53.66,44.7,53,8.74,13.13,14.45,8.42,58.55,73.07,47.53,46.85,3.66,1.89,62.07,82.74,68.82,94.98,7.45,8.26,7.76,6.94,8.42,7.56,10.11,8.9,24.38,18.57,19.91,13.97,91.57,95.2,93.45,97.97,41.37,54.04,11.68,16.43,86.71,93.49,96.03,99.17,83.08,88.72,33.26,36.25,78.02,88.64,45.64,61.79,58.76,65.64,72.45,79.87,55.19,62.09,36.58,45.89,41.81,50.5,7.52,11.46,45.33,49.29,3.49,1.97,63.08,83.44,70.37,95.18,7.92,8.73,7.21,6.39,7.96,6.83,9.41,8.25,19.89,11.55,16.05,9.63,91.97,95.22,94.88,97.25,47.74,65.32,16.64,19.47,88.38,95.29,97.64,98.96,81.83,87.48,40.64,34.09,84.05,93.23,57.7,73.44,62.94,69.95,77.17,84.01,59.34,66.68,41.29,61.87,47.52,55.4,9.93,14.73,18.87,12.55,50.03,66.63,N
Bahia,83.99,91.02,16.01,8.98,4.7,3.4,6.3,7.04,16.06,12.79,17.13,13.62,20.07,15.76,93.91,96.96,98,98.53,83.16,86.46,32.81,31.88,79.94,88.44,47.98,55.99,50.03,55.32,70.49,76.49,46,51.47,35.74,43.54,34.52,40.3,7.05,8.74,18.48,11.94,56.05,62.94,43.98,40.35,8.07,4.26,50.41,81.26,82.27,96.56,5.88,6.59,16.84,13.5,18.02,14.36,21.17,16.67,34.55,25.52,28.46,19.37,92.57,94.62,95.93,96.78,35.64,43.08,6.45,11.49,93.23,96.94,97.81,98.5,82.73,87.23,31.31,32.71,75.13,87.11,41.68,46.95,46.34,51.54,63.39,71.95,42.72,47.45,27.55,37.42,30.62,35.24,5.27,7.09,40.01,50.67,7.94,4.72,51.04,81.76,83.23,96.63,6.65,7.43,15.35,12.17,16.34,12.97,19.1,14.98,24.07,16.9,19.89,12.58,93.22,93.75,95.43,96.65,46.32,55.44,13.49,13.94,94.67,96.98,98.19,98.56,83.63,85.76,34.33,31.01,84.91,89.8,54.71,64.25,53.32,58.69,77.68,81.26,48.86,54.95,45.05,49.78,37.93,44.68,8.61,10.16,25.54,17.08,46.02,54.36,NE
Ceará,79.47,90.31,20.53,9.69,6.1,4.9,6.27,7.06,16.92,13.9,18.26,14.83,21.67,17.5,97.91,98.93,98.12,99.06,83.26,86.91,26.25,27.24,88.71,95.39,63.6,68.43,53.05,57.37,79.8,83.25,47.03,52.22,48.4,57.57,32.59,39.43,7.62,9.21,9.54,6.78,69.76,66.53,41.21,44.05,10.42,4.79,66.8,93.23,90.42,98.41,5.81,6.7,19.37,15.83,20.95,16.91,24.88,20.25,21.28,13,16.47,9.06,91.98,94.29,95.34,98.01,47.03,58.62,10.28,14.97,97.82,98,97.84,98.8,81.53,86.75,25.07,25.77,85.3,93.77,55.6,65.69,49.97,55.26,75.28,79.81,43.95,49.86,41.41,51.22,29.1,37.23,5.47,7.74,38.26,46.26,10.11,4.9,67.04,93.31,90.69,98.45,6.66,7.37,14.74,12.12,15.89,12.93,18.9,15.08,13.47,9.63,10.43,5.46,93.31,94.91,94.54,97.36,60.48,61.58,14.89,19.47,98.02,100,98.42,99.33,85,87.08,27.39,28.83,92.48,97.1,71.68,71.24,55.77,59.28,84.14,86.96,49.7,54.31,54.99,63.91,35.6,41.36,9.48,10.5,15.14,7.58,61.28,69.17,NE
Distrito Federal,73.62,74.95,26.38,25.05,6,4.3,9.9,10.33,3.07,2.94,3.23,3.13,3.83,3.74,91.54,93.5,97.96,99.2,85.93,90.93,41.7,45.14,87.44,95.5,69.27,66.75,76.14,78.72,87.89,92.31,73.83,76.06,63.93,69.12,62.08,66.42,25.85,30.59,9.13,5.56,76.31,77.3,38.05,34.96,13.25,12.12,82.82,87.41,98.15,99.3,9.88,10.18,2.88,3.28,3,3.53,3.56,4.25,21.48,14.99,17.59,10.09,91.49,95.1,96.33,97.95,53.11,58.74,22.59,32.65,90.25,91.44,98.35,99.28,84.98,92.12,36.96,43.44,82.89,94.04,64.34,61.99,75.67,77.55,83.19,89.78,74.09,75,59.32,66.79,60.24,64.91,25.04,30.25,35.56,40,13.14,12.93,82.84,87.78,98.16,99.26,9.91,10.46,3.23,2.66,3.42,2.81,4.06,3.33,12.34,11.65,9.67,8.37,93.05,94.61,94.67,96.48,64.1,63.62,34.99,35.41,92.97,96.01,97.56,99.12,87.04,89.8,45.99,46.71,92.29,97.26,75.05,71.26,76.53,79.68,92.16,94.64,73.61,76.92,68.7,71.04,63.58,67.65,26.5,30.87,16.44,11.21,64.84,62,CO
Espírito Santo,87.49,87.81,12.51,12.19,5.7,4.4,7.61,8.29,7.78,6.03,8.27,6.38,9.57,7.33,92.91,97.57,98.24,99.3,81.49,83.44,27.65,30.46,82.29,93.5,64.31,65.48,60.18,64.58,83,86.63,56,60.95,56.04,55.62,41.46,47.66,10.66,14.18,12.15,6.13,75.47,68.11,45.26,40.9,6.36,5.98,80.98,93.68,96.6,99.69,7.45,8.1,7.12,5.79,7.55,6.15,8.75,7.1,23.48,16.28,20.29,11.14,86.88,93.59,91.04,98.24,43.4,50.63,12.03,16.94,93.28,97.68,98.09,99.33,79.86,81.87,26.83,29.66,80.52,91.48,58.73,58.52,58.91,63.24,79.41,85.4,54.9,59.38,46.97,52.45,38.89,45.19,8.79,11.76,42.23,46.91,6.14,6.21,81.51,93.61,96.78,99.71,7.75,8.46,8.4,6.25,8.93,6.6,10.31,7.55,15.91,9.75,12.07,7.31,86.84,93.91,87.22,97.37,53.09,61.75,18.61,22.37,92.54,97.45,98.42,99.27,83.14,85.09,28.47,31.28,84.44,95.56,69.98,72.87,61.35,65.83,86.67,87.89,56.98,62.39,65.8,59.15,43.77,49.92,12.35,16.38,19.03,10.91,57.62,64.13,SE
Goiás,81.09,84.87,18.91,15.13,5.9,5.1,7.56,8.11,7.15,6.13,7.69,6.51,9.05,7.58,86.67,95.27,98,99.31,84.81,83.67,30.87,32.59,88.46,95.43,70.28,70.92,60.46,62.73,86.12,86.84,55.5,58.32,52.83,59.96,39.63,45.26,10.81,13.19,6.89,3.18,77.87,78.96,42.15,40.59,9.53,7.38,71.35,76.77,97.67,98.16,7.35,7.74,7.32,6.37,7.88,6.77,9.28,7.91,16.09,12.46,11.36,6.87,90.21,94.04,91.46,97.69,54.47,54.08,16.11,19.17,87.28,96.24,97.71,99.04,84.62,84.85,29.35,30.34,86.95,92.28,65.1,65.5,59.18,59.9,83.37,84.34,54.36,55.03,45.64,54.74,36.95,41.66,9.08,10.27,38.95,44.28,9.38,7.74,71.09,76.65,97.72,98.25,7.75,8.44,6.99,5.9,7.52,6.27,8.84,7.29,10.69,6.62,7.63,3.86,90.47,93.31,91.16,98.19,60.01,62.33,22.2,25.99,86.05,94.41,98.27,99.59,85.01,82.49,32.35,34.98,89.79,98.49,75.62,76.3,61.64,65.34,88.81,89.49,56.54,61.27,59.78,65.53,42.09,48.5,12.4,15.81,10.9,6.59,66.15,66.75,CO
Maranhão,89.85,94.26,10.15,5.74,4.5,3.7,5.74,6.51,19.57,16.49,21.32,17.8,25.68,21.13,94.98,97.75,98.15,99.13,83.49,85.11,26.45,27.15,80.97,91.98,54.76,64.65,49.8,54.63,74.93,81.15,43.62,49.05,39.04,50.31,29.58,35.34,5.01,7.37,16.09,8.19,60.92,68.17,47.5,44.68,5.14,2.74,39.22,68.8,53.96,81.1,5.32,5.95,21.47,18.5,23.46,20.02,28.05,23.85,30.42,19.93,25.19,15.38,91.72,94.34,94.53,97.07,38.23,49.22,6.23,11.32,94.66,96.95,97.97,99.05,84.54,85.54,25.65,27.5,76.09,89.52,45.64,57.35,47.07,50.53,70.77,77.42,41.06,44.52,30.77,43,26.13,30.34,3.89,5.27,42.34,49.58,5.01,2.99,40.04,69.58,55.15,82.71,6.12,7.01,17.78,14.63,19.34,15.77,23.51,18.68,18.5,10.83,15.02,8.01,92.52,94.87,94.4,96.96,53.41,61.23,10.2,14.48,95.31,98.53,98.34,99.21,82.36,84.66,27.23,26.79,86.3,94.26,64.55,72.32,52.33,58.38,78.98,84.93,45.96,53.12,47.19,58.13,32.73,39.85,6.03,9.26,21.05,12.38,53.55,63.87,NE
Mato Grosso do Sul,88.49,90.52,11.51,9.48,5.5,4.6,7.26,8.11,7.63,5.16,8.19,5.48,9.6,6.34,93.2,96.53,98.08,98.64,80.12,89.79,29.63,35.48,90.02,89.85,60.21,65.27,55.03,61.39,77.87,82.74,50.36,57.61,44.05,54.12,36.23,44.89,10.65,14.17,10.24,6.14,69.3,69.55,45.98,43.39,5.92,4.57,88.92,94.58,97.7,98.41,7.02,7.91,7.1,4.65,7.63,4.96,9.03,5.71,20.44,15.5,15.91,11.32,89.38,94.33,94.12,95.85,37.4,56.72,14.97,19.2,91.52,95.89,97.5,98.2,75.15,91.79,26.74,34.44,85.94,90.07,48.74,63.33,52.53,59.43,73.39,78.78,47.97,55.81,38.56,49.67,33.53,42.51,8.44,11.81,42.51,47.13,5.59,4.91,88.63,94.35,97.6,98.48,7.49,8.29,8.16,5.63,8.74,5.96,10.14,6.9,13.09,12.59,9.01,7.98,93.61,94.61,95.4,96.42,59.75,60.04,20.1,26.74,94.8,97.05,98.7,99.05,85.44,87.77,32.77,36.53,94.55,89.62,72.52,67.22,57.45,63.18,82.74,86.73,52.63,59.23,49.73,59.18,38.79,47.03,12.74,16.3,14.11,11.91,53.14,62.66,CO
Mato Grosso,87.86,92.12,12.14,7.88,5.7,4.7,7.35,7.93,7.89,6.59,8.5,7.01,9.94,8.15,88.69,95.75,96.99,99.01,85.87,87.94,31.84,34.17,86.34,97.56,74.45,80.74,59.27,63.6,84.24,88.6,54.42,59.19,49.51,56.85,38.97,44.78,10.82,13.59,8.72,1.98,84.21,78.88,44.67,46.47,6.13,3.71,80.31,89.87,88.19,83.39,6.97,7.43,8.29,6.36,8.96,6.77,10.46,7.98,16.56,7.71,12.56,3.68,85.83,95.63,87.2,98.11,53.02,68.71,14.27,19.06,87.98,95.63,96.44,98.9,86.92,89.5,29.87,33.02,83.52,99.02,68.62,78.76,55.75,59.74,79.63,86.9,51.2,54.52,43.32,48.45,35,38.86,8.39,10.12,43.19,45.65,6.01,4.17,80.34,90.04,88.19,83.37,7.74,8.4,7.5,6.81,8.04,7.23,9.43,8.31,11.07,6.38,9.81,5.17,88.49,94.86,89.14,97.88,64.69,70.53,21.53,27.06,89.34,95.88,97.51,99.13,84.66,86.43,33.74,35.45,89.13,95.88,81.13,82.66,62.77,67.34,88.67,90.5,57.63,63.59,56.48,67.55,42.94,50.36,13.26,16.85,12.37,5.41,69.54,81.57,CO
Minas Gerais,87.86,90.8,12.14,9.2,6.3,4.5,7.09,7.97,8.26,5.96,8.81,6.31,10.27,7.34,92.38,97.62,98.71,99.2,85.59,88.93,29.53,30.63,92.93,97.08,67.81,75.76,54.37,61.89,83.24,88.97,49.07,56.95,51.58,61.4,35.69,44.13,10.88,13.25,9.16,3.19,75.36,79.18,45.43,42.29,6.2,4.34,80.79,93.28,96.67,99.61,6.88,7.77,7.67,5.61,8.17,5.96,9.58,6.95,18.18,9.79,13.61,6.25,92.86,94.84,95.98,98.07,51.37,62.91,16.17,16.85,94.96,97.43,98.8,99.62,83.83,88.09,29.26,27.81,92,96.09,59.89,70.31,52.69,60.33,79.52,85.59,47.5,55.42,45.42,56.6,33.01,41.24,8.68,10.91,42.42,48.51,5.94,4.86,80.87,93.36,96.74,99.62,7.27,8.16,8.8,6.27,9.39,6.63,10.89,7.7,11.92,5.65,9.55,3.55,93.91,95.63,94.22,97.54,65.31,73.25,17.7,23.49,89.81,97.85,98.61,98.77,87.34,89.8,29.8,33.51,93.92,98.15,75.67,81.38,55.91,63.32,86.98,92.41,50.49,58.33,57.93,66.6,38.12,46.73,12.88,15.35,13.26,5.89,62.68,73.81,SE
Paraíba,79.74,85.19,20.26,14.81,4.7,3.6,5.81,6.85,18.76,16.92,20.19,18.11,23.49,20.96,95.72,98.12,98.5,98.93,82.37,86.07,33.67,31.97,81.71,92.91,54.84,58.8,46.19,52.41,71.62,76.02,41.09,48.19,42.57,54.36,29.75,38.13,7.42,11.92,16.57,9.27,59.61,68.94,41.85,39.42,10.29,6.92,59.56,83.59,81.41,92.8,5.3,6.3,22.01,19.95,23.59,21.47,27.51,24.92,28.23,22.42,22.71,16.06,90.5,93.59,93.5,96.47,34.84,46.67,13.6,16.93,96.68,98.07,98.26,98.99,81.63,86.56,31.63,30.4,76.73,91.67,44.69,51.33,42.91,48.9,66.4,70.43,37.83,44.91,35.86,46.7,25.82,34.2,5.8,9.28,37.9,45.77,9.97,7.89,60.17,82.96,82.06,92.77,6.25,7.32,15.94,14.26,17.25,15.2,20.09,17.56,19.87,12.6,16.24,8.15,90,93.78,92.04,96.23,49.83,58.07,19.88,23.37,94.63,98.18,98.76,98.86,83,85.56,35.65,33.41,87.77,94.18,63.52,66.51,49.04,55.46,76.73,81.12,43.85,51,49.74,61.65,33.07,41.5,8.8,14.17,21.14,13.58,51.29,54.37,NE
Paraná,85.47,86.8,14.53,13.2,6.3,4.7,7.58,8.22,6.11,4.9,6.51,5.15,7.56,5.98,89.72,97.84,97.76,99.16,79.76,83.56,28.73,32.96,91.25,95.49,73.37,76.56,59.88,64.25,85.58,87.71,55.18,60.08,58.1,63.08,40.04,46.39,12.91,15.65,7.59,4.36,78.3,79.36,44.31,42.68,7.42,6.33,77.89,92.83,98.89,99.72,7.6,8.21,5.19,4.02,5.54,4.22,6.48,4.95,15.62,10.15,11.65,7.02,89.02,92.13,91.35,96.75,53,58.83,16.99,18.61,86.9,97.48,97.53,99.3,79.85,82.71,25.83,29.89,90.51,94.97,65.16,72.43,60.11,64.5,83.98,85.79,55.66,60.37,53.04,57.97,39.53,45.66,11.57,13.88,41.16,44.12,7.1,6.87,78.2,92.93,98.89,99.75,7.56,8.23,6.96,5.74,7.4,6.01,8.55,6.9,8.77,6.51,7.53,5.31,89.79,93.31,91.21,94.97,64.58,63.84,22.07,29.36,92.6,98.28,97.99,99.02,79.68,84.63,31.47,36.27,92.04,96,81.85,81.7,59.67,64.02,87.09,89.78,54.75,59.82,62.69,68.83,40.51,47.05,14.12,17.25,14.1,9.78,62.73,71.17,S
Pará,91.28,90.79,8.72,9.21,4.5,3.6,6.63,7.32,10.66,9.03,11.59,9.74,13.88,11.59,89.64,94.97,97.38,98.82,86.53,85.84,32.11,33.32,74.79,86.25,46.71,54.57,53.05,58.67,70.57,78.13,48.61,54.2,34.51,44.45,34.07,39.8,6.32,7.98,22.37,13.08,52.95,66.29,47.8,42.12,4.43,4.39,48.15,64.55,64.56,91.69,6.16,6.78,12.3,10.44,13.35,11.24,15.97,13.28,38.5,26.58,32.81,20.74,91.99,93.4,95.25,97.06,32.58,41.09,7.01,10.23,88.23,94.22,97.33,98.89,88.37,87.2,31.65,32.02,69.05,86.38,36.88,44.56,49.07,54.14,66.35,75.03,44.48,49.12,29.82,39.56,29.95,34.33,4.74,5.73,43.47,48.68,4.3,4.82,49.32,64.86,66.11,91.79,7.06,7.83,9.09,7.66,9.9,8.3,11.91,9.98,27.29,17.72,24.55,13.74,91.66,92.77,93.74,96.6,47.62,55.49,10.27,16.27,91.07,95.84,97.42,98.74,84.78,84.48,32.6,34.66,80.31,86.13,56.09,64.53,56.85,63.04,74.95,81.35,52.49,59.03,39.22,49.7,37.93,45,7.8,10.11,29.89,18.13,45.17,51.65,N
Pernambuco,76.99,89.31,23.01,10.69,4.8,4.1,6.65,7.32,15.46,12.78,16.69,13.71,19.29,15.82,95.06,99.03,97.69,98.68,84.11,84.97,29.44,27.95,79.38,87.87,51.31,61.51,52.13,56.78,71.66,80.01,48.2,52.62,42.25,52.95,36.19,41.21,9.15,10.75,18.89,9.3,67.87,62.6,40.06,41.06,11.63,5.08,50.17,88.26,81.74,98.86,6.42,6.99,16.04,13.7,17.44,14.76,20.13,17.16,31.03,22.18,25.1,17.29,86.92,92.39,89.94,96.85,37.07,47.01,8.83,11.63,93.93,99.16,97.17,98.75,85.04,83.62,28.05,28.29,74.7,81.99,44.72,54.85,50.94,54.22,68.01,74.2,47.05,50.22,36.46,46.85,33.89,37.74,7.61,8.67,36.93,48.25,11.39,5.61,51.06,88.32,82.59,98.8,6.84,7.6,14.95,11.98,16.05,12.8,18.61,14.7,20.97,12.39,17.09,9.13,87.2,93.23,88.86,96.34,43.54,58.63,14.04,16.73,96.16,98.87,98.2,98.61,83.12,86.34,30.91,27.59,83.94,93.77,58.24,68.22,53.15,58.99,75.51,85.98,49.14,54.61,49.02,59.93,38.1,44.09,10.42,12.48,22.07,14.87,43.78,60.8,NE
Piauí,86.42,89.2,13.58,10.8,5,4.2,5.63,6.56,20.28,17.11,22.03,18.34,25.85,21.45,96.59,99.02,98.98,99.75,88.33,89.4,33.72,36.69,80.31,90.07,55.4,58.23,46.53,52.57,74.03,80.62,41.08,47.39,38.76,52.72,28,33.71,6.84,9.75,20.93,8.12,60.15,64.51,46.37,50.93,6.8,5.03,49.31,76.59,73.99,88.79,5.04,5.88,23.08,18.74,25.19,20.23,29.66,23.91,30.82,22.04,25.43,15.57,93.61,95.11,97.57,99.36,45.51,48.73,9.93,14.9,96.71,99.05,99.08,99.88,87.24,90.52,30.29,34.38,74.16,87.46,50.73,53.26,42.41,47.86,69.1,74.56,36.87,42.58,30.43,43.33,22.78,26.92,5.14,6.69,40.05,38.27,6.78,5.77,49.16,75.79,74.28,90.16,6.14,7.15,17.74,15.62,19.21,16.64,22.51,19.28,24.19,14.04,19.44,9.84,95.05,95.5,96.31,98.25,53.34,54.81,15.68,23.3,96.47,98.98,98.88,99.63,89.48,88.14,37.01,39.01,86.59,92.26,60.32,63.86,50.21,56.81,78.75,86.74,44.77,51.63,47.13,62.47,32.59,39.7,8.33,12.45,22.84,13.84,54.21,56.73,NE
Rio de Janeiro,69.57,78.28,30.43,21.72,5.3,4.2,8.64,9.28,3.4,2.62,3.58,2.74,4.06,3.06,93.03,95.41,98,99.07,88.73,91.66,33.03,35.7,83.39,90.78,59.19,68.02,68.28,73.1,85.69,89.48,65.43,70.66,50.21,57.62,48.64,55.71,14.6,17.65,14.08,10.73,71.34,74.64,36.05,37.15,15.39,10.42,76.25,78.43,94.61,98.52,8.73,9.32,2.88,2.36,3.04,2.46,3.46,2.75,26.47,19.49,21.93,15.69,92.86,95.68,94.04,97.71,49.43,57.93,15.38,18.12,91.51,95.93,97.85,99,89.13,89.69,32.4,32.99,80.49,90.22,56.6,64.54,69.27,73.66,83.48,88.02,66.62,71.28,44.7,51.84,49.38,55.88,14.07,17.13,33.52,41.12,15.04,11.3,76.22,79.51,94.81,98.7,8.56,9.25,3.85,2.85,4.03,2.98,4.55,3.32,21.41,14.42,18.22,10.94,92.91,96.44,94.26,97.19,53.89,65.28,18.9,26.38,94.82,94.89,98.17,99.14,88.32,93.59,33.68,38.52,86.55,91.41,61.81,71.46,67.45,72.62,87.99,91,64.47,70.14,55.92,63.94,48.05,55.56,15.02,18.08,23.76,15.18,51.45,64.31,SE
Rio Grande do Norte,79.26,87.16,20.74,12.84,4.5,3.4,6.47,7.24,15.96,13.57,16.97,14.46,19.97,16.95,96.1,99.22,97.65,99.12,83.6,87.92,29.54,35.19,83.91,91.64,50.73,57.17,50.99,55.77,71.52,78.47,46.4,51.45,40.85,50.54,33.57,40.03,7.23,10.74,15.99,8.73,56.03,62.81,41.3,40.97,10.61,6.14,65.12,84.75,89.08,97.28,6.07,6.81,19.01,15.5,20.21,16.63,23.67,19.75,28.49,22.54,21.28,14.41,92.8,92.99,95.02,96.43,41,40.39,8.59,18.99,95.11,98.61,96.96,98.77,85.77,86.41,28.08,35.17,78.51,91.26,45.17,46.72,47.87,53.15,63.97,73.97,44.16,48.77,28.22,42.44,30.12,36.4,5.74,9.17,37.96,46.19,10.14,6.7,65.76,84.35,89.61,97.33,6.83,7.6,13.16,11.8,14,12.52,16.62,14.52,21.12,14.56,16.01,11.44,92.1,95.95,95.35,98.06,47.58,64.33,14.76,20.59,97.25,100,98.4,99.52,81.56,89.68,30.93,35.2,89.52,92,55.93,69.32,53.85,58.12,78.72,83.28,48.43,53.79,53.09,58.8,36.7,43.19,8.57,12.11,20.46,15.85,47.34,54.56,N
Rio Grande do Sul,87.38,90.29,12.62,9.71,5.6,4.4,7.91,8.52,4.23,3.31,4.47,3.46,5.01,3.89,84.64,92.4,98.33,99.24,82.7,88.58,31.67,35.49,88.26,94.92,68.98,65.32,58.12,63.55,84.27,88.36,53.98,59.99,47.66,59.25,40.01,44.86,11.98,14.47,14.44,7.27,71.74,68.86,45.14,43,6.39,4.62,84.16,93.46,96.94,97.58,7.76,8.35,3.91,3.26,4.14,3.4,4.63,3.83,22.52,16.11,17.8,9.9,92.43,93.21,95.33,98.59,51.24,47.52,15.87,22.54,85.25,90.6,98.28,99.3,84.36,88.83,26.83,33.35,87.03,93.52,61.97,58.81,56.96,62.76,80.79,86.25,52.84,59.06,39.58,54.76,37.99,42.54,9.98,12.02,42.24,47.28,6.23,5.1,84.43,93.26,96.9,97.54,8.05,8.66,4.52,3.36,4.76,3.52,5.35,3.94,16.82,10.48,14.35,6.66,90.83,94.44,94.02,97.98,59.07,59.96,24.64,28.4,83.99,94.21,98.39,99.19,81.17,88.33,36.71,37.72,89.44,96.16,75.48,72.03,59.16,64.27,87.9,90.57,54.98,60.8,55.59,64.25,41.78,46.88,13.73,16.61,22.39,11.25,57.83,54.71,S
Rondônia,92.3,93.35,7.7,6.65,5.7,4.8,6.73,7.26,8.69,7.22,9.42,7.77,11.27,9.24,86.7,93.27,96.7,99.31,81.79,85.52,31.4,33.6,75.5,92.36,60.6,68.6,55.88,58.01,81.03,84.04,50.16,52.57,48.94,55.55,34.75,38.76,8.41,10.13,15.9,9.58,67.85,68.59,47.79,44.56,3.85,3.21,56.37,85.67,91.2,98.8,6.36,6.96,8.44,6.94,9.12,7.47,10.93,8.85,24.42,16.32,20.68,13.88,81.86,93.46,84.85,98.31,37.12,56.62,12.69,12.8,88.32,95.27,97.09,99.7,80.09,84.37,31.37,28.81,71.66,89.26,55.83,68.85,53.05,55.57,78.98,79.4,47.04,50.56,42.24,40.72,29.85,34.59,6.83,7.6,44.51,48.79,3.86,3.43,57.7,86.1,91.67,98.85,7.09,7.56,8.94,7.49,9.73,8.06,11.61,9.61,15,12.79,10.96,7.6,81.71,94.49,83.28,97.96,45.67,58.49,17.04,26.01,85.05,91.51,96.27,98.94,83.39,86.65,31.43,38.32,80.13,95.77,65.1,68.35,58.7,60.38,83.13,88.61,53.25,54.52,56.52,69.69,39.59,42.8,9.97,12.59,16.23,11.03,57.49,68.8,N
Roraima,91.85,93.84,8.15,6.16,5.4,4,8.58,8.96,6.89,6.3,7.63,6.86,9.49,8.52,95.26,96.75,99.32,98.98,85.66,88.12,32.99,31.94,88.95,91.18,66.69,70.28,70.85,72.12,87.51,90.59,66.3,67.56,59.2,60.68,54.22,55.52,13.81,15.75,8.86,4.66,79.68,84.44,47.84,45.16,4.17,3.01,62.7,83.43,71.56,77.91,8.1,8.42,7.39,6.82,8.3,7.41,10.24,9.54,24.2,16.82,19.44,13.31,94.44,94.41,96.46,97.31,53.65,59.86,15.18,17.86,94.31,94.59,99.07,99.79,89.2,86.97,29.17,29.99,86.49,88.25,59.75,67.69,66.33,69.43,86.15,88.76,61.01,63.87,54.09,54.5,48.63,50.06,11.05,12.48,44.01,48.69,3.98,3.14,63.67,84.31,72.3,79.32,9.04,9.46,6.4,5.79,7,6.31,8.78,7.58,15.11,7.77,13.24,4.81,92.55,94.82,95.59,97.47,59.63,64.4,25.39,24.49,96.37,98.15,99.61,98.09,81.27,89.43,36.52,34.43,91.62,94.33,75.31,73.25,75.13,74.76,88.78,92.93,71.35,70.97,64.44,68.4,59.56,60.57,16.45,18.77,18.15,10.66,64.35,68.23,N
Santa Catarina,87.44,86.39,12.56,13.61,6.3,5,7.87,8.6,3.67,2.74,3.91,2.9,4.49,3.32,92,97.12,98.24,99.73,83.46,86.5,29.82,33.8,93.55,96.95,78.7,75.63,61.13,66.75,88.22,92.13,56.26,62.54,61.03,66.66,40.26,47.1,12.53,15.59,6.85,4.91,81.21,78.1,45.09,41.78,6.36,6.64,86.28,91.77,99.1,99.68,7.9,8.61,3.33,2.37,3.55,2.52,4.04,2.88,13.2,11.41,9.21,7.85,91.67,93.93,93.51,98.36,58.29,59.07,17.32,21.71,91.72,96.71,98.24,99.73,83.83,87.73,28.28,30.73,92.36,96.52,71.89,72.56,61.71,67.38,85.37,90.09,57.34,63.24,53.89,59.57,39.7,46.47,11.53,14.14,42.35,44.61,6.2,6.97,86.34,91.77,99.15,99.71,7.84,8.6,4,3.1,4.26,3.26,4.92,3.71,8.23,6.62,6.42,4.06,91.33,93.29,92.65,98.62,67,59.99,23.31,31.91,92.3,97.57,98.23,99.74,83.12,85.18,31.35,37.2,94.75,97.45,85.05,78.93,60.58,66.16,91.05,94.39,55.25,61.89,68.26,74.65,40.77,47.67,13.46,16.92,12.88,10.28,65.51,65.86,S
São Paulo,79.72,85.17,20.28,14.83,6.5,4.9,8.72,9.32,3.72,2.93,3.93,3.08,4.46,3.53,94.72,97.26,98.77,99.26,85.19,87.81,28.29,30.57,94.69,96.6,80.32,84.14,69.07,73.2,92.23,94.44,65.18,69.8,68.18,74.42,51.15,56.99,17.43,19.78,6.16,3.29,84.5,86.09,41.09,43.11,10.33,7.19,81.98,93.04,84.7,86.13,8.84,9.35,3.01,2.42,3.18,2.54,3.55,2.9,10.92,6.68,8,4.96,92.89,95.77,92.57,95.91,64.92,72.61,16.47,20.1,93.43,97.69,98.66,99.26,85.03,89.35,25.7,28.36,93.86,96.12,77.17,81.76,70.43,73.73,90.37,94.11,66.73,70.24,62.43,70.03,52.02,56.78,16.7,18.97,38.63,42.06,9.95,7.65,82.13,93,84.75,86.2,8.62,9.29,4.37,3.39,4.62,3.56,5.27,4.07,8.28,4.1,6.18,3.19,94.04,94.29,94.76,95.36,69.99,72.86,24.28,26.26,96.19,96.78,98.88,99.27,85.35,86.29,31.09,32.75,95.5,97.11,83.6,86.48,67.83,72.72,94.24,94.77,63.81,69.42,74.33,78.6,50.39,57.17,18.07,20.48,8.77,5.34,73.96,81.59,SE
Sergipe,77.6,82.03,22.4,17.97,4.3,3.4,6.48,7.06,16.29,14.42,17.65,15.36,20.99,17.97,97.59,96.63,98.29,98.59,83.76,88.56,34.77,30.95,82.27,90.22,48.24,49.09,51.49,54.35,67.61,73.46,47.75,50.8,36.31,41.65,34.89,38.19,9.35,10.57,21.13,10.81,54.97,62.68,40.53,36.29,11.36,8.54,54.88,89.27,83.97,99.86,6.13,6.71,18.47,16.32,20.05,17.45,23.38,20.43,34.78,27.17,26.88,18.95,91.05,94.26,95.23,97.53,34.75,37.52,13.51,14.58,97.23,98.03,98.24,98.75,83.13,88.93,33.05,33.3,77.87,86.13,40.9,40.92,49.48,51.92,62.67,67.83,46.38,48.86,27.13,33.33,32.26,35.44,7.21,8.48,37.07,45.73,11.05,9.43,55.8,90.21,84.92,99.93,6.79,7.35,14.29,12.73,15.48,13.53,18.84,15.84,25.36,16.76,20.06,11.49,90.74,94.01,94.2,96.9,44.12,51.5,19.72,15.94,98.01,95.15,98.34,98.43,84.42,88.17,36.35,28.76,86.65,94.09,55.91,57.57,53.31,56.48,72.17,78.71,48.99,52.49,45.15,50.34,37.26,40.57,11.28,12.39,24.17,16.32,46.47,45.83,NE
Tocantins,91.06,93.84,8.94,6.16,5.4,4.5,6.98,7.69,11.83,10.31,12.85,11.1,15.36,13.06,91.96,97.52,97.63,99.61,84.79,90.47,31.93,36.38,88.73,93.6,64.44,70.01,56.89,61.61,80.21,88.79,51.49,56.32,47.64,55.02,38.47,44.84,10.38,13.86,8.29,7.2,75.72,74.29,47.69,45.15,4.54,2.86,55.56,81.28,93.78,98.6,6.42,7.05,12.91,11.24,14.1,12.07,16.81,14.34,19.53,15.59,13.61,9.47,90.79,96.16,93.44,98.22,45.5,53.72,13.49,13.98,91.76,97.22,97.41,99.27,85.58,89.21,30.33,37.13,84.7,92.84,55.46,61.94,52.52,56.9,76.59,83.38,46.59,51.11,42.76,41.06,32.66,38.93,6.82,10.22,43.37,48.68,4.4,3.3,55.55,81.55,93.85,98.79,7.53,8.31,10.75,9.39,11.61,10.12,13.96,11.82,10.11,9.75,7.16,7.26,92.08,96.68,93.39,97.59,59.44,69.64,16.07,21.19,92.19,97.84,97.88,99.95,83.95,91.69,33.68,35.45,92.72,94.43,74.01,77.87,61.23,66.34,84.19,95.44,56.24,61.35,52.33,72.75,44.11,50.53,13.84,17.38,11.01,8.82,61.38,68.13,N
